<?xml version="1.0" encoding="UTF-8"?>

<mule xmlns:smtp="http://www.mulesoft.org/schema/mule/smtp" xmlns:tracking="http://www.mulesoft.org/schema/mule/ee/tracking" xmlns:file="http://www.mulesoft.org/schema/mule/file" xmlns="http://www.mulesoft.org/schema/mule/core" xmlns:doc="http://www.mulesoft.org/schema/mule/documentation"
	xmlns:spring="http://www.springframework.org/schema/beans" 
	xmlns:xsi="http://www.w3.org/2001/XMLSchema-instance"
	xsi:schemaLocation="http://www.springframework.org/schema/beans http://www.springframework.org/schema/beans/spring-beans-current.xsd
http://www.mulesoft.org/schema/mule/core http://www.mulesoft.org/schema/mule/core/current/mule.xsd
http://www.mulesoft.org/schema/mule/file http://www.mulesoft.org/schema/mule/file/current/mule-file.xsd
http://www.mulesoft.org/schema/mule/ee/tracking http://www.mulesoft.org/schema/mule/ee/tracking/current/mule-tracking-ee.xsd
http://www.mulesoft.org/schema/mule/smtp http://www.mulesoft.org/schema/mule/smtp/current/mule-smtp.xsd">
    <file:connector name="File2" writeToDirectory="C:\Users\db2admin.bandaru-PC\Desktop\ravi\JET-LIDO\LIDO\ERROR" autoDelete="false" streaming="true" validateConnections="true" doc:name="File"/>
    <smtp:gmail-connector name="Gmail" validateConnections="true" doc:name="Gmail"/>
      
    <catch-exception-strategy name="exceptionCatch_Exception_Strategy">
    
            <logger message="#[flowVars.date]" level="INFO" doc:name="Logger"/>
            <choice doc:name="Choice">
                <when expression="#[exception.message.toString().contains('import java.text.*;')]">
                    <choice doc:name="Choice">
                        <when expression="#[flowVars.date!=&quot;&quot;]">
                            <set-payload value="#[flowVars.date]   date is invalid" doc:name="Set Payload"/>
                        </when>
                        <otherwise>
                            <logger level="INFO" doc:name="Logger"/>
                        </otherwise>
                    </choice>
                </when>
            <when expression="#[exception.message.toString().contains('java.sql.SQLException')]">
                <logger message="db error" level="INFO" doc:name="Logger"/>
            </when>
            <when expression="#[flowVars.Infotype!=&quot;DFLT&quot;]">
                <logger message="Infotype is not DFLT" level="INFO" doc:name="Logger"/>
            </when>
            <otherwise>
                <logger message="#[flowVars.error]" level="INFO" doc:name="Logger"/>
                <set-payload value="#[flowVars.error]  &quot; is   wrong&quot;" doc:name="Set Payload"/>
            </otherwise>
            </choice>
        <file:outbound-endpoint path="/r" connector-ref="File2" responseTimeout="10000" doc:name="File"/>
        <set-attachment attachmentName="error" value="#[payload]" contentType="text/plain" doc:name="Attachment"/>
        <smtp:outbound-endpoint host="smtp.gmail.com" port="587" user="pvgravikumar.eidiko@gmail.com" password="9440069004" connector-ref="Gmail" to="prashanth9.eidiko@gmail.com" from="pvgravikumar.eidiko@gmail.com" subject="error" responseTimeout="10000" doc:name="SMTP"/>
        </catch-exception-strategy>
   
</mule>
